motionDetected, motionEnded
2023-11-11 13:51:43,
2023-11-11 13:51:44,
2023-11-11 13:51:45,
2023-11-11 13:51:46,
2023-11-11 13:51:47,
2023-11-11 13:51:48,
2023-11-11 13:51:49,
2023-11-11 13:51:50,
2023-11-11 13:51:51,
2023-11-11 13:51:52,
2023-11-11 13:51:53,
2023-11-11 13:51:54,
2023-11-11 13:51:55,
2023-11-11 13:51:56,
2023-11-11 13:51:57,
2023-11-11 13:51:58,
2023-11-11 13:51:59,
2023-11-11 13:52:00,
2023-11-11 13:52:01,
2023-11-11 13:52:02,
2023-11-11 13:52:03,
2023-11-11 13:52:04,
2023-11-11 13:52:05,
2023-11-11 13:52:06,
2023-11-11 13:52:07,
2023-11-11 13:52:08,
2023-11-11 13:52:09,
2023-11-11 13:52:10,
2023-11-11 13:52:11,
2023-11-11 13:52:12,
2023-11-11 13:52:13,
2023-11-11 13:52:14,
2023-11-11 13:52:15,
2023-11-11 13:52:16,
2023-11-11 13:52:17,
2023-11-11 13:53:59,
2023-11-11 13:54:00,
2023-11-11 13:54:01,
2023-11-11 13:54:02,
2023-11-11 13:54:03,
2023-11-11 13:54:04,
2023-11-11 13:54:05,
2023-11-11 13:54:06,
2023-11-11 13:54:07,
2023-11-11 13:54:08,
2023-11-11 13:54:09,
2023-11-11 13:54:10,
2023-11-11 13:54:11,
2023-11-11 13:54:12,
2023-11-11 13:54:13,
2023-11-11 13:54:14,
2023-11-11 13:54:15,
2023-11-11 13:54:16,
2023-11-11 13:54:17,
2023-11-11 13:54:18,
2023-11-11 13:54:19,
2023-11-11 13:54:20,
2023-11-11 13:54:21,
2023-11-11 13:54:22,
2023-11-11 13:54:23,
2023-11-11 13:54:24,
2023-11-11 13:54:25,
2023-11-11 13:54:26,
2023-11-11 13:54:27,
2023-11-11 13:54:28,
2023-11-11 13:54:29,
2023-11-11 13:54:30,
2023-11-11 13:54:31,
2023-11-11 13:54:32,
2023-11-11 13:54:33,
2023-11-11 13:54:34,
2023-11-11 13:54:35,
2023-11-11 13:54:36,
2023-11-11 13:54:37,
2023-11-11 13:54:38,
2023-11-11 13:54:39,
2023-11-11 13:54:40,
2023-11-11 13:54:41,
2023-11-11 13:54:42,
2023-11-11 13:54:43,
2023-11-11 13:54:44,
2023-11-11 13:54:45,
2023-11-11 13:54:46,
2023-11-11 13:54:47,
2023-11-11 13:54:48,
2023-11-11 13:54:49,
2023-11-11 13:54:50,
2023-11-11 13:54:51,
2023-11-11 13:54:52,
2023-11-11 13:54:53,
2023-11-11 13:54:54,
2023-11-11 13:54:55,
2023-11-11 13:54:56,
2023-11-11 13:54:57,
2023-11-11 13:54:58,
2023-11-11 13:54:59,
2023-11-11 13:55:00,
2023-11-11 13:55:01,
2023-11-11 13:55:02,
2023-11-11 13:55:03,
2023-11-11 13:55:04,
2023-11-11 13:55:05,
2023-11-11 13:55:06,
2023-11-11 13:55:07,
2023-11-11 13:55:08,
2023-11-11 13:55:09,
2023-11-11 13:55:10,
2023-11-11 13:55:11,
2023-11-11 13:55:12,
2023-11-11 13:55:13,
2023-11-11 13:55:14,
2023-11-11 13:55:15,
2023-11-11 13:55:16,
2023-11-11 13:55:17,
2023-11-11 13:55:18,
2023-11-11 13:55:19,
2023-11-11 13:55:20,
2023-11-11 13:55:21,
2023-11-11 13:55:22,
2023-11-11 13:55:23,
2023-11-11 13:55:24,
2023-11-11 13:55:25,
2023-11-11 13:55:26,
2023-11-11 13:55:27,
2023-11-11 13:55:28,
2023-11-11 13:55:29,
2023-11-11 13:55:30,
2023-11-11 13:55:31,
2023-11-11 13:55:32,
2023-11-11 13:55:33,
2023-11-11 13:55:34,
2023-11-11 13:55:35,
2023-11-11 13:55:36,
2023-11-11 13:55:37,
2023-11-11 13:55:38,
2023-11-11 13:55:39,
2023-11-11 13:55:40,
2023-11-11 13:55:41,
2023-11-11 13:55:42,
2023-11-11 13:55:43,
2023-11-11 13:55:44,
2023-11-11 13:55:45,
2023-11-11 13:55:46,
2023-11-11 13:55:47,
2023-11-11 13:55:48,
2023-11-11 13:55:49,
2023-11-11 13:55:50,
2023-11-11 13:55:51,
2023-11-11 13:55:52,
2023-11-11 13:55:53,
2023-11-11 13:55:54,
2023-11-11 13:55:55,
2023-11-11 13:55:56,
2023-11-11 13:55:57,
2023-11-11 13:55:58,
2023-11-11 13:55:59,
2023-11-11 13:56:00,
2023-11-11 13:56:01,
2023-11-11 13:56:02,
2023-11-11 13:56:03,
2023-11-11 13:56:04,
2023-11-11 13:56:05,
2023-11-11 13:56:06,
2023-11-11 13:56:07,
2023-11-11 13:56:08,
2023-11-11 13:56:09,
2023-11-11 13:56:10,
2023-11-11 13:56:11,
2023-11-11 13:56:12,
2023-11-11 13:56:13,
2023-11-11 13:56:14,
2023-11-11 13:56:15,
2023-11-11 13:56:16,
2023-11-11 13:56:17,
2023-11-11 13:56:18,
2023-11-11 13:56:19,
2023-11-11 13:56:20,
2023-11-11 13:56:21,
2023-11-11 13:56:22,
2023-11-11 13:56:23,
2023-11-11 13:56:24,
2023-11-11 13:56:25,
2023-11-11 13:56:26,
2023-11-11 13:56:27,
2023-11-11 13:56:28,
2023-11-11 13:56:29,
2023-11-11 13:56:30,
2023-11-11 13:56:31,
2023-11-11 13:56:32,
2023-11-11 13:56:33,
2023-11-11 13:56:34,
2023-11-11 13:56:35,
2023-11-11 13:56:36,
2023-11-11 13:56:37,
2023-11-11 13:56:38,
2023-11-11 13:56:39,
2023-11-11 13:56:40,
2023-11-11 13:56:41,
2023-11-11 13:56:42,
2023-11-11 13:56:43,
2023-11-11 13:56:44,
2023-11-11 13:56:45,
2023-11-11 13:56:46,
2023-11-11 13:56:47,
2023-11-11 13:56:48,
2023-11-11 13:56:49,
2023-11-11 13:56:50,
2023-11-11 13:56:51,
2023-11-11 13:56:52,
2023-11-11 13:56:53,
2023-11-11 13:56:54,
2023-11-11 13:56:55,
2023-11-11 13:56:56,
2023-11-11 13:56:57,
2023-11-11 13:57:48,
2023-11-11 13:57:49,
2023-11-11 13:57:50,
2023-11-11 13:57:51,
2023-11-11 13:57:52,
2023-11-11 13:57:53,
2023-11-11 13:57:54,
2023-11-11 13:57:55,
2023-11-11 13:57:56,
2023-11-11 13:57:57,
2023-11-11 13:57:58,
2023-11-11 13:57:59,
2023-11-11 13:58:00,
2023-11-11 13:58:01,
2023-11-11 13:58:02,
2023-11-11 13:58:03,
2023-11-11 13:58:04,
2023-11-11 13:58:05,
2023-11-11 13:58:06,
2023-11-11 13:58:07,
2023-11-11 13:58:08,
2023-11-11 13:58:09,
2023-11-11 13:58:10,
2023-11-11 13:58:11,
2023-11-11 13:58:12,
2023-11-11 13:58:13,
2023-11-11 13:58:14,
2023-11-11 13:58:15,
2023-11-11 13:58:16,
2023-11-11 13:58:17,
2023-11-11 13:58:18,
2023-11-11 13:58:19,
2023-11-11 13:58:20,
2023-11-11 13:58:21,
2023-11-11 13:58:22,
2023-11-11 13:58:23,
2023-11-11 13:58:24,
2023-11-11 13:58:25,
2023-11-11 13:58:26,
2023-11-11 13:58:27,
2023-11-11 13:58:28,
2023-11-11 13:58:29,
2023-11-11 13:58:30,
2023-11-11 13:58:31,
2023-11-11 13:58:32,
2023-11-11 13:58:33,
2023-11-11 13:58:34,
2023-11-11 13:58:35,
2023-11-11 13:58:36,
2023-11-11 13:58:37,
2023-11-11 13:58:38,
2023-11-11 13:58:39,
2023-11-11 13:58:40,
2023-11-11 13:58:41,
2023-11-11 13:58:42,
2023-11-11 13:58:43,
2023-11-11 13:58:44,
2023-11-11 13:58:45,
2023-11-11 13:58:46,
2023-11-11 13:58:47,
2023-11-11 13:58:48,
2023-11-11 13:58:49,
2023-11-11 13:58:50,
2023-11-11 13:58:51,
2023-11-11 14:17:23,
2023-11-11 14:17:24,
2023-11-11 14:17:25,
2023-11-11 14:17:26,
2023-11-11 14:17:27,
2023-11-11 14:17:28,
2023-11-11 14:17:29,
2023-11-11 14:17:30,
2023-11-11 14:17:31,
2023-11-11 14:17:32,
2023-11-11 14:17:33,
2023-11-11 14:17:34,
2023-11-11 14:17:35,
2023-11-11 14:17:36,
2023-11-11 14:17:37,
2023-11-11 14:17:38,
2023-11-11 14:17:39,
2023-11-11 14:17:40,
2023-11-11 14:17:41,
2023-11-11 14:17:42,
2023-11-11 14:17:43,
2023-11-11 14:17:44,
2023-11-11 14:17:45,
2023-11-11 14:17:46,
2023-11-11 14:17:47,
2023-11-11 14:17:48,
2023-11-11 14:17:49,
2023-11-11 14:17:50,
2023-11-11 14:17:51,
2023-11-11 14:17:52,
2023-11-11 14:17:53,
2023-11-11 14:17:54,
2023-11-11 14:17:55,
2023-11-11 14:17:56,
2023-11-11 14:17:57,
2023-11-11 14:17:58,
2023-11-11 14:17:59,
2023-11-11 14:18:00,
2023-11-11 14:18:01,
2023-11-11 14:18:02,
2023-11-11 14:18:03,
2023-11-11 14:18:04,
2023-11-11 14:18:05,
2023-11-11 14:18:06,
2023-11-11 14:18:07,
2023-11-11 14:18:08,
2023-11-11 14:18:09,
2023-11-11 14:18:10,
2023-11-11 14:18:11,
2023-11-11 14:18:12,
2023-11-11 14:18:13,
2023-11-11 14:18:14,
2023-11-11 14:18:15,
2023-11-11 14:18:16,
2023-11-11 14:18:17,
2023-11-11 14:18:18,
2023-11-11 14:18:19,
2023-11-11 14:18:20,
2023-11-11 14:18:21,
2023-11-11 14:18:22,
2023-11-11 14:18:23,
2023-11-11 14:18:24,
2023-11-11 14:18:25,
2023-11-11 14:18:26,
2023-11-11 14:18:27,
2023-11-11 14:18:28,
2023-11-11 14:18:29,
2023-11-11 14:18:30,
2023-11-11 14:18:31,
2023-11-11 14:18:32,
2023-11-11 14:18:33,
2023-11-11 14:18:34,
2023-11-11 14:18:35,
2023-11-11 14:18:36,
2023-11-11 14:18:37,
2023-11-11 14:18:38,
2023-11-11 14:18:39,
2023-11-11 14:18:40,
2023-11-11 14:18:41,
2023-11-11 14:18:42,
2023-11-11 14:18:43,
2023-11-11 14:18:44,
2023-11-11 14:18:45,
2023-11-11 14:18:46,
2023-11-11 14:18:47,
2023-11-11 14:18:48,
2023-11-11 14:18:49,
2023-11-11 14:18:50,
2023-11-11 14:18:51,
2023-11-11 14:18:52,
2023-11-11 14:18:53,
2023-11-11 14:18:54,
2023-11-11 14:18:55,
2023-11-11 14:18:56,
2023-11-11 14:18:57,
2023-11-11 14:18:58,
2023-11-11 14:18:59,
2023-11-11 14:19:00,
2023-11-11 14:19:01,
2023-11-11 14:19:02,
2023-11-11 14:19:03,
2023-11-11 14:19:04,
2023-11-11 14:19:05,
2023-11-11 14:19:06,
2023-11-11 14:19:07,
2023-11-11 14:19:08,
2023-11-11 14:19:09,
2023-11-11 14:19:10,
2023-11-11 14:19:11,
2023-11-11 14:19:12,
2023-11-11 14:19:13,
2023-11-11 14:19:14,
2023-11-11 14:19:15,
2023-11-11 14:19:16,
2023-11-11 14:19:17,
2023-11-11 14:19:18,
2023-11-11 14:19:19,
2023-11-11 14:19:20,
2023-11-11 14:19:21,
2023-11-11 14:19:22,
2023-11-11 14:19:23,
2023-11-11 14:19:24,
2023-11-11 14:19:25,
2023-11-11 14:19:26,
2023-11-11 14:19:27,
2023-11-11 14:19:28,
2023-11-11 14:19:29,
2023-11-11 14:19:30,
2023-11-11 14:19:31,
2023-11-11 14:19:32,
2023-11-11 14:19:33,
2023-11-11 14:19:34,
2023-11-11 14:19:35,
2023-11-11 14:19:36,
2023-11-11 14:19:37,
2023-11-11 14:19:38,
2023-11-11 14:19:39,
2023-11-11 14:19:40,
2023-11-11 14:19:41,
2023-11-11 14:20:36,
2023-11-11 14:20:37,
2023-11-11 14:20:38,
2023-11-11 14:20:39,
2023-11-11 14:20:40,
2023-11-11 14:20:41,
2023-11-11 14:20:42,
2023-11-11 14:20:43,
2023-11-11 14:20:44,
2023-11-11 14:20:45,
2023-11-11 14:20:46,
2023-11-11 14:20:47,
2023-11-11 14:20:48,
2023-11-11 14:20:49,
2023-11-11 14:20:50,
2023-11-11 14:20:51,
2023-11-11 14:20:52,
2023-11-11 14:20:53,
2023-11-11 14:20:54,
2023-11-11 14:20:55,
2023-11-11 14:20:56,
2023-11-11 14:20:57,
2023-11-11 14:20:58,
2023-11-11 14:20:59,
2023-11-11 14:21:00,
2023-11-11 14:21:01,
2023-11-11 14:21:02,
2023-11-11 14:21:03,
2023-11-11 14:21:04,
2023-11-11 14:21:05,
2023-11-11 14:21:06,
2023-11-11 14:21:07,
2023-11-11 14:21:08,
2023-11-11 14:21:09,
2023-11-11 14:21:10,
2023-11-11 14:21:11,
2023-11-11 14:21:12,
2023-11-11 14:21:13,
2023-11-11 14:21:14,
2023-11-11 14:21:15,
2023-11-11 14:21:16,
2023-11-11 14:21:17,
2023-11-11 14:21:18,
2023-11-11 14:21:19,
2023-11-11 14:21:20,
2023-11-11 14:21:21,
2023-11-11 14:21:22,
2023-11-11 14:21:23,
2023-11-11 14:21:24,
2023-11-11 14:21:25,
2023-11-11 14:21:26,
2023-11-11 14:21:27,
2023-11-11 14:21:28,
2023-11-11 14:21:29,
2023-11-11 14:21:30,
2023-11-11 14:21:31,
2023-11-11 14:21:32,
2023-11-11 14:21:33,
2023-11-11 14:21:34,
2023-11-11 14:21:35,
2023-11-11 14:21:36,
2023-11-11 14:21:37,
2023-11-11 14:21:38,
2023-11-11 14:21:39,
2023-11-11 14:21:40,
2023-11-11 14:21:41,
2023-11-11 14:21:42,
2023-11-11 14:21:43,
2023-11-11 14:21:44,
2023-11-11 14:21:45,
2023-11-11 14:21:46,
2023-11-11 14:21:47,
2023-11-11 14:21:48,
2023-11-11 14:21:49,
2023-11-11 14:21:56,
2023-11-11 14:21:57,
2023-11-11 14:21:58,
2023-11-11 14:21:59,
2023-11-11 14:22:00,
2023-11-11 14:22:01,
2023-11-11 14:22:02,
2023-11-11 14:22:03,
2023-11-11 14:22:04,
2023-11-11 14:22:05,
2023-11-11 14:22:06,
2023-11-11 14:22:07,
2023-11-11 14:22:08,
2023-11-11 14:22:09,
2023-11-11 14:22:10,
2023-11-11 14:22:11,
2023-11-11 14:22:12,
2023-11-11 14:22:13,
2023-11-11 14:22:14,
2023-11-11 14:22:15,
2023-11-11 14:22:16,
2023-11-11 14:22:17,
2023-11-11 14:22:18,
2023-11-11 14:22:19,
2023-11-11 14:22:20,
2023-11-11 14:22:21,
2023-11-11 14:22:22,
2023-11-11 14:22:23,
2023-11-11 14:22:24,
2023-11-11 14:22:25,
2023-11-11 14:22:26,
2023-11-11 14:22:27,
2023-11-11 14:22:28,
2023-11-11 14:22:29,
2023-11-11 14:22:30,
2023-11-11 14:22:31,
2023-11-11 14:22:32,
2023-11-11 14:22:33,
2023-11-11 14:22:34,
2023-11-11 14:22:35,
2023-11-11 14:22:36,
2023-11-11 14:22:37,
2023-11-11 14:22:38,
2023-11-11 14:22:39,
2023-11-11 14:22:40,
2023-11-11 14:22:41,
2023-11-11 14:22:42,
2023-11-11 14:22:43,
2023-11-11 14:22:44,
2023-11-11 14:22:45,
2023-11-11 14:22:46,
2023-11-11 14:22:47,
2023-11-11 14:22:48,
2023-11-11 14:22:49,
2023-11-11 14:22:50,
2023-11-11 14:22:51,
2023-11-11 14:22:52,
2023-11-11 14:22:53,
2023-11-11 14:22:54,
2023-11-11 14:22:55,
2023-11-11 14:22:56,
2023-11-11 14:22:57,
2023-11-11 14:22:58,
2023-11-11 14:22:59,
2023-11-11 14:23:00,
2023-11-11 14:23:01,
2023-11-11 14:23:02,
2023-11-11 14:23:03,
2023-11-11 14:23:04,
2023-11-11 14:23:05,
2023-11-11 14:23:06,
2023-11-11 14:23:07,
2023-11-11 14:23:08,
2023-11-11 14:23:09,
2023-11-11 14:23:10,
2023-11-11 14:23:11,
2023-11-11 14:23:12,
2023-11-11 14:23:13,
2023-11-11 14:23:14,
2023-11-11 14:23:15,
2023-11-11 14:23:16,
2023-11-11 14:23:17,
2023-11-11 14:23:18,
2023-11-11 14:23:19,
2023-11-11 14:23:20,
2023-11-11 14:23:21,
2023-11-11 14:23:22,
2023-11-11 14:23:23,
2023-11-11 14:23:24,
2023-11-11 14:23:25,
2023-11-11 14:23:26,
2023-11-11 14:23:27,
2023-11-11 14:23:28,
2023-11-11 14:23:29,
2023-11-11 14:23:30,
2023-11-11 14:23:31,
2023-11-11 14:23:32,
2023-11-11 14:23:33,
2023-11-11 14:23:34,
2023-11-11 14:23:35,
2023-11-11 14:23:36,
2023-11-11 14:23:37,
2023-11-11 14:23:38,
2023-11-11 14:23:39,
2023-11-11 14:23:40,
2023-11-11 14:23:41,
2023-11-11 14:23:42,
2023-11-11 14:23:43,
2023-11-11 14:23:44,
2023-11-11 14:23:45,
2023-11-11 14:23:46,
2023-11-11 14:23:47,
2023-11-11 14:23:48,
2023-11-11 14:23:49,
2023-11-11 14:23:50,
2023-11-11 14:23:51,
2023-11-11 14:23:52,
2023-11-11 14:23:53,
2023-11-11 14:23:54,
2023-11-11 14:23:55,
2023-11-11 14:23:56,
2023-11-11 14:23:57,
2023-11-11 14:23:58,
2023-11-11 14:23:59,
2023-11-11 14:24:00,
2023-11-11 14:24:01,
2023-11-11 14:24:02,
2023-11-11 14:24:03,
2023-11-11 14:24:04,
2023-11-11 14:24:05,
2023-11-11 14:24:06,
2023-11-11 14:24:07,
2023-11-11 14:24:08,
2023-11-11 14:24:09,
2023-11-11 14:24:10,
2023-11-11 14:24:11,
2023-11-11 14:24:12,
2023-11-11 14:24:13,
2023-11-11 14:24:14,
2023-11-11 14:24:15,
